"ID","Restaurant","Type","Description","Date","Time","Subtotal","Service","Delivery","Tax","Tip","Restaurant Total","Commission","Processing Fee","Withheld Tax"
"O-799509873870691","Oriental Express - Centreville Crest Ln","Prepaid Order",,"11/27/19","12:34 PM","15.80","0","2.00","0.95","2.81","21.56","-2.67","-0.96","0"
"O-372709731564950","Oriental Express - Centreville Crest Ln","Prepaid Order",,"11/13/19","7:29 PM","42.15","0","2.00","2.53","9.34","56.02","-6.62","-2.01","0"
"O-380709624199094","Oriental Express - Centreville Crest Ln","Prepaid Order",,"11/2/19","7:16 PM","16.10","0","2.00","0.97","2.86","21.93","-2.72","-0.97","0"
"O-247409856916075","Oriental Express - Centreville Crest Ln","Prepaid Order",,"11/25/19","7:31 PM","30.95","0","2.00","1.86","5.00","39.81","-4.94","-1.51","0"
"O-206409836699684","Oriental Express - Centreville Crest Ln","Prepaid Order",,"11/23/19","5:22 PM","15.20","0","2.00","0.91","2.72","20.83","-2.58","-0.94","0"
"O-231909770897420","Oriental Express - Centreville Crest Ln","Cash Order",,"11/17/19","4:36 PM","36.10","0","2.00","2.17","0","40.27","-5.72","0","0"
"O-637809699742381","Oriental Express - Centreville Crest Ln","Prepaid Order",,"11/9/19","1:36 PM","22.25","0","2.00","1.34","3.84","29.43","-3.64","-1.20","0"
"O-965509837270397","Oriental Express - Centreville Crest Ln","Prepaid Order",,"11/22/19","9:14 PM","38.85","0","2.00","2.33","6.50","49.68","-6.13","-1.82","0"
"O-671409879548267","Oriental Express - Centreville Crest Ln","Prepaid Order",,"11/27/19","12:14 PM","16.90","0","2.00","1.01","3.98","23.89","-2.84","-1.03","0"
"O-752209684194031","Oriental Express - Centreville Crest Ln","Cash Order",,"11/8/19","5:54 PM","35.00","0","2.00","2.10","0","39.10","-5.55","0","0"
"O-646309839480299","Oriental Express - Centreville Crest Ln","Prepaid Order",,"11/23/19","7:42 PM","18.75","0","2.00","1.13","3.28","25.16","-3.11","-1.07","0"
"O-639209684509076","Oriental Express - Centreville Crest Ln","Prepaid Order",,"11/8/19","2:15 PM","18.80","0","2.00","1.13","3.29","25.22","-3.12","-1.07","0"
"O-550509713289580","Oriental Express - Centreville Crest Ln","Prepaid Order",,"11/10/19","10:09 PM","18.30","0","2.00","1.10","4.28","25.68","-3.05","-1.08","0"
"O-988409791637718","Oriental Express - Centreville Crest Ln","Prepaid Order",,"11/19/19","7:11 PM","24.95","0","2.00","1.50","4.27","32.72","-4.04","-1.30","0"
"O-526209906070288","Oriental Express - Centreville Crest Ln","Prepaid Order",,"11/30/19","7:44 PM","32.25","0","2.00","1.94","0","36.19","-5.14","-1.40","0"
"O-920409703406674","Oriental Express - Centreville Crest Ln","Prepaid Order",,"11/10/19","3:01 PM","36.05","0","2.00","2.16","8.04","48.25","-5.71","-1.77","0"
"O-470609612146575","Oriental Express - Centreville Crest Ln","Prepaid Order",,"11/1/19","7:27 PM","44.40","0","2.00","2.66","4.91","53.97","-6.96","-1.95","0"
"O-526409646904296","Oriental Express - Centreville Crest Ln","Prepaid Order",,"11/4/19","7:22 PM","24.75","0","2.00","1.49","4.24","32.48","-4.01","-1.29","0"
"O-810009697776331","Oriental Express - Centreville Crest Ln","Prepaid Order",,"11/9/19","1:00 PM","21.35","0","2.00","1.28","3.69","28.32","-3.50","-1.16","0"
"O-935409776596548","Oriental Express - Centreville Crest Ln","Prepaid Order",,"11/17/19","7:02 PM","16.25","0","2.00","0.98","2.88","22.11","-2.74","-0.97","0"
"O-818709871629806","Oriental Express - Centreville Crest Ln","Prepaid Order",,"11/27/19","7:05 PM","16.20","0","2.00","0.97","0","19.17","-2.73","-0.88","0"
"O-563009698780413","Oriental Express - Centreville Crest Ln","Prepaid Order",,"11/9/19","1:44 PM","80.75","0","2.00","4.85","17.52","105.12","-12.41","-3.51","0"
"P-CA96352ff071485affb36ee356486f672d","Oriental Express - Centreville Crest Ln","Phone Order",,"11/19/19","7:12 PM","0","0","0.00","0.00","0","0.00","-4.05","0","0"
"O-470609632135158","Oriental Express - Centreville Crest Ln","Prepaid Order",,"11/3/19","12:59 PM","15.60","0","2.00","0.94","3.71","22.25","-2.64","-0.98","0"
"O-862809891095368","Oriental Express - Centreville Crest Ln","Prepaid Order",,"11/29/19","6:19 PM","27.60","0","2.00","1.66","6.25","37.51","-4.44","-1.44","0"
"O-280209639162225","Oriental Express - Centreville Crest Ln","Prepaid Order",,"11/3/19","5:59 PM","21.30","0","2.00","1.28","2.00","26.58","-3.50","-1.11","0"
"O-621909684408773","Oriental Express - Centreville Crest Ln","Prepaid Order",,"11/8/19","7:14 PM","24.15","0","2.00","1.45","2.76","30.36","-3.92","-1.23","0"
"O-752209694196706","Oriental Express - Centreville Crest Ln","Prepaid Order",,"11/9/19","6:42 PM","43.00","0","2.00","2.58","7.14","54.72","-6.75","-1.97","0"
"O-319209657881631","Oriental Express - Centreville Crest Ln","Prepaid Order",,"11/5/19","7:04 PM","25.25","0","2.00","1.52","3.00","31.77","-4.09","-1.27","0"
"O-396709617275685","Oriental Express - Centreville Crest Ln","Prepaid Order",,"11/1/19","2:21 PM","17.30","0","2.00","1.04","4.07","24.41","-2.90","-1.04","0"
"O-477609808582924","Oriental Express - Centreville Crest Ln","Prepaid Order",,"11/20/19","6:21 PM","17.70","0","2.00","1.06","2.15","22.91","-2.96","-1.00","0"
"O-470609642132740","Oriental Express - Centreville Crest Ln","Prepaid Order",,"11/4/19","6:10 PM","22.45","0","2.00","1.35","3.87","29.67","-3.67","-1.20","0"
"O-780509771806848","Oriental Express - Centreville Crest Ln","Prepaid Order",,"11/17/19","2:59 PM","15.50","0","2.00","0.93","2.76","21.19","-2.63","-0.95","0"
"O-396709657296427","Oriental Express - Centreville Crest Ln","Cash Order",,"11/4/19","9:55 PM","28.20","0","2.00","1.69","0","31.89","-4.53","0","0"
"O-435909806566241","Oriental Express - Centreville Crest Ln","Prepaid Order",,"11/20/19","7:39 PM","17.20","0","2.00","1.03","4.05","24.28","-2.88","-1.04","0"
"O-462309785728824","Oriental Express - Centreville Crest Ln","Prepaid Order",,"11/18/19","2:51 PM","27.50","0","2.00","1.65","4.67","35.82","-4.43","-1.39","0"
"O-001609721892662","Oriental Express - Centreville Crest Ln","Prepaid Order",,"11/12/19","5:31 PM","23.30","0","2.00","1.40","4.00","30.70","-3.80","-1.24","0"
"O-470609632148738","Oriental Express - Centreville Crest Ln","Prepaid Order",,"11/3/19","6:17 PM","36.85","0","2.00","2.21","5.94","47.00","-5.83","-1.73","0"
"O-915209775084911","Oriental Express - Centreville Crest Ln","Prepaid Order",,"11/16/19","9:02 PM","47.15","0","2.00","2.83","5.20","57.18","-7.37","-2.04","0"
"O-676209625484651","Oriental Express - Centreville Crest Ln","Prepaid Order",,"11/1/19","8:57 PM","17.05","0","2.00","1.02","3.01","23.08","-2.86","-1.00","0"
"O-407309876639490","Oriental Express - Centreville Crest Ln","Prepaid Order",,"11/26/19","9:36 PM","25.45","0","2.00","1.53","4.35","33.33","-4.12","-1.32","0"
"O-477609858588677","Oriental Express - Centreville Crest Ln","Prepaid Order",,"11/25/19","11:54 AM","20.30","0","2.00","1.22","3.53","27.05","-3.35","-1.13","0"
"O-487209839758337","Oriental Express - Centreville Crest Ln","Cash Order",,"11/22/19","8:05 PM","24.55","0","2.00","1.47","0","28.02","-3.98","0","0"
"P-CAdbb2ec5e9b3a423e4d9a19d9038449b0","Oriental Express - Centreville Crest Ln","Phone Order",,"11/22/19","7:44 PM","0","0","0.00","0.00","0","0.00","-4.04","0","0"
"O-385609747117787","Oriental Express - Centreville Crest Ln","Prepaid Order",,"11/14/19","6:03 PM","15.50","0","2.00","0.93","2.76","21.19","-2.63","-0.95","0"
"O-965009838562460","Oriental Express - Centreville Crest Ln","Prepaid Order",,"11/23/19","6:15 PM","39.00","0","2.00","2.34","3.00","46.34","-6.15","-1.71","0"
"O-637809699718626","Oriental Express - Centreville Crest Ln","Prepaid Order",,"11/9/19","6:03 PM","51.15","0","2.00","3.07","8.43","64.65","-7.97","-2.27","0"
"O-407609700268802","Oriental Express - Centreville Crest Ln","Prepaid Order",,"11/10/19","5:51 PM","25.55","0","2.00","1.53","5.81","34.89","-4.13","-1.36","0"
"P-CA83ba5a41ffcf19b0c5c04ca109291d79","Oriental Express - Centreville Crest Ln","Phone Order",,"11/2/19","5:56 PM","0","0","0.00","0.00","0","0.00","-3.99","0","0"
"O-576209776626123","Oriental Express - Centreville Crest Ln","Prepaid Order",,"11/17/19","3:15 PM","26.05","0","2.00","1.56","4.44","34.05","-4.21","-1.34","0"
"O-949609906614262","Oriental Express - Centreville Crest Ln","Prepaid Order",,"11/30/19","7:15 PM","15.00","0","2.00","0.90","4.00","21.90","-2.55","-0.97","0"
"O-263109625231947","Oriental Express - Centreville Crest Ln","Prepaid Order",,"11/2/19","6:17 PM","59.50","0","2.00","3.57","13.01","78.08","-9.23","-2.68","0"
"O-526209866026147","Oriental Express - Centreville Crest Ln","Prepaid Order",,"11/26/19","6:14 PM","50.85","0","2.00","3.05","8.39","64.29","-7.93","-2.26","0"
"O-810909625804841","Oriental Express - Centreville Crest Ln","Prepaid Order",,"11/1/19","11:17 PM","26.25","0","2.00","1.58","4.47","34.30","-4.24","-1.35","0"
"O-462309765709562","Oriental Express - Centreville Crest Ln","Prepaid Order",,"11/16/19","5:23 PM","24.25","0","2.00","1.46","8.00","35.71","-3.94","-1.39","0"
"P-CA4a6476dc49b5a15f8a8436d9185c5c45","Oriental Express - Centreville Crest Ln","Phone Order",,"11/25/19","7:36 PM","0","0","0.00","0.00","0","0.00","-4.06","0","0"
"O-240409657005179","Oriental Express - Centreville Crest Ln","Prepaid Order",,"11/5/19","7:05 PM","17.05","0","2.00","1.02","2.50","22.57","-2.86","-0.99","0"
"O-835709879022755","Oriental Express - Centreville Crest Ln","Prepaid Order",,"11/27/19","7:31 PM","30.10","0","2.00","1.81","5.00","38.91","-4.82","-1.49","0"
"O-106609784247892","Oriental Express - Centreville Crest Ln","Prepaid Order",,"11/17/19","8:36 PM","21.80","0","0.00","1.31","0","23.11","-3.27","-1.00","0"
"O-878009814684545","Oriental Express - Centreville Crest Ln","Prepaid Order",,"11/21/19","7:13 PM","17.00","0","2.00","1.02","3.00","23.02","-2.85","-1.00","0"
"O-752209714170720","Oriental Express - Centreville Crest Ln","Prepaid Order",,"11/11/19","5:43 PM","25.55","0","2.00","1.53","5.82","34.90","-4.13","-1.36","0"
"O-272009839564907","Oriental Express - Centreville Crest Ln","Prepaid Order",,"11/23/19","7:03 PM","27.75","0","2.00","1.67","2.00","33.42","-4.46","-1.32","0"
"O-240409627002801","Oriental Express - Centreville Crest Ln","Prepaid Order",,"11/2/19","7:35 PM","45.35","0","0.00","2.72","9.61","57.68","-6.80","-2.06","0"
"O-638909770529900","Oriental Express - Centreville Crest Ln","Prepaid Order",,"11/17/19","6:15 PM","42.15","0","0.00","2.53","0","44.68","-6.32","-1.66","0"
"O-743609821943833","Oriental Express - Centreville Crest Ln","Prepaid Order",,"11/22/19","1:16 PM","16.30","0","2.00","0.98","2.89","22.17","-2.75","-0.98","0"
"O-637809719740808","Oriental Express - Centreville Crest Ln","Prepaid Order",,"11/11/19","1:51 PM","27.45","0","2.00","1.65","5.00","36.10","-4.42","-1.40","0"
"O-915209745080721","Oriental Express - Centreville Crest Ln","Prepaid Order",,"11/13/19","8:20 PM","25.05","0","2.00","1.50","4.45","33.00","-4.06","-1.31","0"
"O-467709661268967","Oriental Express - Centreville Crest Ln","Prepaid Order",,"11/6/19","7:30 PM","20.55","0","2.00","1.23","3.57","27.35","-3.38","-1.13","0"
"O-435909846521403","Oriental Express - Centreville Crest Ln","Prepaid Order",,"11/24/19","2:16 PM","21.05","0","2.00","1.26","3.65","27.96","-3.46","-1.15","0"
"O-096009708860146","Oriental Express - Centreville Crest Ln","Prepaid Order",,"11/10/19","7:10 PM","17.00","0","2.00","1.02","4.00","24.02","-2.85","-1.03","0"
"O-775909878777813","Oriental Express - Centreville Crest Ln","Prepaid Order",,"11/27/19","4:01 PM","15.85","0","2.00","0.95","3.76","22.56","-2.68","-0.99","0"
"O-871909876719571","Oriental Express - Centreville Crest Ln","Prepaid Order",,"11/26/19","9:39 PM","20.20","0","2.00","1.21","2.00","25.41","-3.33","-1.08","0"
"O-013109649673180","Oriental Express - Centreville Crest Ln","Prepaid Order",,"11/4/19","3:45 PM","16.30","0","2.00","0.98","3.72","23.00","-2.75","-1.00","0"
"O-871909906770646","Oriental Express - Centreville Crest Ln","Prepaid Order",,"11/30/19","6:20 PM","29.35","0","2.00","1.76","4.97","38.08","-4.70","-1.46","0"
"P-CA18d9ae304dc6565d640dfee0b93b9c64","Oriental Express - Centreville Crest Ln","Phone Order",,"11/2/19","6:34 PM","0","0","0.00","0.00","0","0.00","-3.99","0","0"
"O-263109645237980","Oriental Express - Centreville Crest Ln","Prepaid Order",,"11/4/19","6:55 PM","21.00","0","2.00","1.26","3.64","27.90","-3.45","-1.15","0"
"O-231909790862465","Oriental Express - Centreville Crest Ln","Prepaid Order",,"11/19/19","4:05 PM","32.05","0","2.00","1.92","7.19","43.16","-5.11","-1.62","0"
"O-121209793665921","Oriental Express - Centreville Crest Ln","Prepaid Order",,"11/19/19","6:28 PM","22.85","0","2.00","1.37","3.93","30.15","-3.73","-1.22","0"
"O-278409720373665","Oriental Express - Centreville Crest Ln","Prepaid Order",,"11/12/19","5:49 PM","49.10","0","2.00","2.95","8.10","62.15","-7.67","-2.20","0"
"O-319409745631083","Oriental Express - Centreville Crest Ln","Prepaid Order",,"11/14/19","2:33 PM","18.80","0","2.00","1.13","3.29","25.22","-3.12","-1.07","0"
"O-075609873043057","Oriental Express - Centreville Crest Ln","Cash Order",,"11/26/19","9:57 PM","27.60","0","2.00","1.66","0","31.26","-4.44","0","0"
"O-766909782853102","Oriental Express - Centreville Crest Ln","Prepaid Order",,"11/17/19","8:01 PM","26.95","0","2.00","1.62","6.11","36.68","-4.34","-1.42","0"
"O-007909705180377","Oriental Express - Centreville Crest Ln","Prepaid Order",,"11/10/19","7:15 PM","23.50","0","2.00","1.41","5.38","32.29","-3.83","-1.28","0"
"O-899809687644262","Oriental Express - Centreville Crest Ln","Prepaid Order",,"11/8/19","5:09 PM","45.65","0","2.00","2.74","5.04","55.43","-7.15","-1.99","0"
"O-380909790271889","Oriental Express - Centreville Crest Ln","Prepaid Order",,"11/19/19","6:40 PM","52.25","0","2.00","3.14","8.61","66.00","-8.14","-2.31","0"
"O-223409620934109","Oriental Express - Centreville Crest Ln","Prepaid Order",,"11/2/19","7:53 PM","15.00","0","2.00","0.90","3.58","21.48","-2.55","-0.96","0"
"O-639209684587910","Oriental Express - Centreville Crest Ln","Prepaid Order",,"11/8/19","5:38 PM","31.95","0","0.00","1.92","0","33.87","-4.79","-1.33","0"
"O-964109627350293","Oriental Express - Centreville Crest Ln","Prepaid Order",,"11/1/19","10:44 PM","31.45","0","2.00","1.89","0","35.34","-5.02","-1.38","0"
"O-700509888912412","Oriental Express - Centreville Crest Ln","Prepaid Order",,"11/27/19","8:35 PM","25.10","0","2.00","1.51","4.29","32.90","-4.07","-1.30","0"
"O-852609616549142","Oriental Express - Centreville Crest Ln","Prepaid Order",,"11/1/19","1:50 PM","18.30","0","2.00","1.10","3.21","24.61","-3.05","-1.05","0"
"O-859509648858424","Oriental Express - Centreville Crest Ln","Prepaid Order",,"11/4/19","12:43 PM","22.45","0","2.00","1.35","5.16","30.96","-3.67","-1.24","0"
"O-899809727611313","Oriental Express - Centreville Crest Ln","Prepaid Order",,"11/11/19","8:44 PM","22.90","0","2.00","1.37","5.25","31.52","-3.74","-1.26","0"
"O-915209745086251","Oriental Express - Centreville Crest Ln","Prepaid Order",,"11/13/19","8:41 PM","15.60","0","2.00","0.94","2.78","21.32","-2.64","-0.95","0"
"O-404209898910366","Oriental Express - Centreville Crest Ln","Prepaid Order",,"11/29/19","6:10 PM","26.95","0","2.00","1.62","4.58","35.15","-4.34","-1.37","0"
"O-207709754421591","Oriental Express - Centreville Crest Ln","Prepaid Order",,"11/15/19","7:13 PM","23.50","0","2.00","1.41","4.04","30.95","-3.83","-1.24","0"
"O-307109723909036","Oriental Express - Centreville Crest Ln","Cash Order",,"11/12/19","5:22 PM","30.55","0","0.00","1.83","0","32.38","-4.58","0","0"
"O-108509642901851","Oriental Express - Centreville Crest Ln","Prepaid Order",,"11/4/19","3:16 PM","19.30","0","2.00","1.16","3.37","25.83","-3.20","-1.09","0"
"O-007909695137837","Oriental Express - Centreville Crest Ln","Prepaid Order",,"11/8/19","7:54 PM","37.30","0","2.00","2.24","2.00","43.54","-5.90","-1.63","0"
"O-645609844090500","Oriental Express - Centreville Crest Ln","Prepaid Order",,"11/24/19","7:35 PM","23.90","0","2.00","1.43","4.10","31.43","-3.89","-1.26","0"
"O-240409637000619","Oriental Express - Centreville Crest Ln","Prepaid Order",,"11/3/19","5:55 PM","18.00","0","2.00","1.08","3.16","24.24","-3.00","-1.04","0"
"O-657609894499142","Oriental Express - Centreville Crest Ln","Prepaid Order",,"11/29/19","2:19 PM","59.00","0","2.00","3.54","12.91","77.45","-9.15","-2.66","0"
"O-380709624118607","Oriental Express - Centreville Crest Ln","Prepaid Order",,"11/2/19","5:10 PM","21.80","0","2.00","1.31","3.77","28.88","-3.57","-1.18","0"
"O-383809814511170","Oriental Express - Centreville Crest Ln","Prepaid Order",,"11/20/19","8:11 PM","23.95","0","2.00","1.44","4.11","31.50","-3.89","-1.26","0"
"O-396709637271572","Oriental Express - Centreville Crest Ln","Prepaid Order",,"11/3/19","4:11 PM","22.05","0","2.00","1.32","3.81","29.18","-3.61","-1.19","0"
"P-CAd64d27dac453cfc06f63d229f33a4759","Oriental Express - Centreville Crest Ln","Phone Order",,"11/4/19","1:58 PM","0","0","0.00","0.00","0","0.00","-3.99","0","0"
"O-231909770879744","Oriental Express - Centreville Crest Ln","Prepaid Order",,"11/16/19","10:02 PM","43.80","0","2.00","2.63","1.57","50.00","-6.87","-1.83","0"
"O-319409775615687","Oriental Express - Centreville Crest Ln","Cash Order",,"11/16/19","7:50 PM","26.65","0","2.00","1.60","0","30.25","-4.30","0","0"
"O-407309906692553","Oriental Express - Centreville Crest Ln","Prepaid Order",,"11/30/19","5:21 PM","38.85","0","2.00","2.33","6.48","49.66","-6.13","-1.81","0"
"O-280209846955992","Oriental Express - Centreville Crest Ln","Prepaid Order",,"11/23/19","8:33 PM","23.05","0","2.00","1.38","3.96","30.39","-3.76","-1.23","0"
"O-935409746595166","Oriental Express - Centreville Crest Ln","Prepaid Order",,"11/14/19","7:42 PM","17.55","0","2.00","1.05","3.09","23.69","-2.93","-1.02","0"
"O-470609632128138","Oriental Express - Centreville Crest Ln","Prepaid Order",,"11/2/19","10:17 PM","16.10","0","0.00","0.97","2.56","19.63","-2.42","-0.90","0"
"O-915209775060857","Oriental Express - Centreville Crest Ln","Prepaid Order",,"11/17/19","6:03 PM","21.80","0","2.00","1.31","5.02","30.13","-3.57","-1.22","0"
"O-510009774637552","Oriental Express - Centreville Crest Ln","Prepaid Order",,"11/16/19","9:02 PM","28.30","0","2.00","1.70","8.00","40.00","-4.55","-1.52","0"
"O-926609859161715","Oriental Express - Centreville Crest Ln","Prepaid Order",,"11/25/19","6:09 PM","42.65","0","2.00","2.56","5.00","52.21","-6.70","-1.89","0"
"O-920409693402397","Oriental Express - Centreville Crest Ln","Prepaid Order",,"11/8/19","10:54 PM","22.20","0","2.00","1.33","5.11","30.64","-3.63","-1.23","0"
"O-112409664631493","Oriental Express - Centreville Crest Ln","Prepaid Order",,"11/6/19","5:42 PM","33.05","0","2.00","1.98","3.00","40.03","-5.26","-1.52","0"
"O-639209694589024","Oriental Express - Centreville Crest Ln","Prepaid Order",,"11/9/19","6:20 PM","17.05","0","2.00","1.02","4.01","24.08","-2.86","-1.03","0"
"O-866009721533262","Oriental Express - Centreville Crest Ln","Prepaid Order",,"11/12/19","4:56 PM","37.00","0","2.00","2.22","4.00","45.22","-5.85","-1.68","0"
"O-745809727105660","Oriental Express - Centreville Crest Ln","Prepaid Order",,"11/12/19","7:19 PM","16.80","0","2.00","1.01","2.97","22.78","-2.82","-0.99","0"
"O-768309736760560","Oriental Express - Centreville Crest Ln","Prepaid Order",,"11/12/19","8:18 PM","20.00","0","2.00","1.20","3.48","26.68","-3.30","-1.11","0"
"O-075609873041150","Oriental Express - Centreville Crest Ln","Prepaid Order",,"11/26/19","8:01 PM","26.55","0","2.00","1.59","3.01","33.15","-4.28","-1.31","0"
"O-921809701321985","Oriental Express - Centreville Crest Ln","Prepaid Order",,"11/10/19","7:07 PM","34.15","0","2.00","2.05","7.64","45.84","-5.42","-1.70","0"
"O-372709751572649","Oriental Express - Centreville Crest Ln","Prepaid Order",,"11/14/19","9:32 PM","17.50","0","2.00","1.05","3.08","23.63","-2.93","-1.02","0"
"O-470609632139443","Oriental Express - Centreville Crest Ln","Prepaid Order",,"11/3/19","4:46 PM","26.45","0","2.00","1.59","3.00","33.04","-4.27","-1.31","0"
"O-319409755690381","Oriental Express - Centreville Crest Ln","Prepaid Order",,"11/15/19","5:40 PM","62.55","0","2.00","3.75","10.25","78.55","-9.68","-2.70","0"
"O-380709654115758","Oriental Express - Centreville Crest Ln","Prepaid Order",,"11/5/19","12:26 PM","12.55","0","0.00","0.75","1.22","14.52","-1.88","-0.74","0"
"O-377709798662609","Oriental Express - Centreville Crest Ln","Prepaid Order",,"11/19/19","7:30 PM","26.45","0","2.00","1.59","4.51","34.55","-4.27","-1.35","0"
"O-541009656010291","Oriental Express - Centreville Crest Ln","Cash Order",,"11/5/19","5:09 PM","18.00","0","2.00","1.08","0","21.08","-3.00","0","0"
"O-319409775608938","Oriental Express - Centreville Crest Ln","Prepaid Order",,"11/17/19","6:45 PM","23.25","0","2.00","1.40","4.00","30.65","-3.79","-1.23","0"
"O-957409902404227","Oriental Express - Centreville Crest Ln","Prepaid Order",,"11/30/19","6:06 PM","21.05","0","2.00","1.26","0","24.31","-3.46","-1.04","0"
"O-454509902600054","Oriental Express - Centreville Crest Ln","Prepaid Order",,"11/30/19","6:34 PM","17.00","0","2.00","1.02","4.00","24.02","-2.85","-1.03","0"
"O-563009688750764","Oriental Express - Centreville Crest Ln","Prepaid Order",,"11/8/19","6:49 PM","25.95","0","2.00","1.56","2.95","32.46","-4.19","-1.29","0"
"O-106609774274206","Oriental Express - Centreville Crest Ln","Prepaid Order",,"11/17/19","4:49 PM","26.20","0","2.00","1.57","2.98","32.75","-4.23","-1.30","0"
"O-262209692237353","Oriental Express - Centreville Crest Ln","Prepaid Order",,"11/9/19","5:49 PM","16.80","0","2.00","1.01","1.98","21.79","-2.82","-0.96","0"
"O-239509635797694","Oriental Express - Centreville Crest Ln","Prepaid Order",,"11/3/19","5:30 PM","20.50","0","2.00","1.23","2.37","26.10","-3.38","-1.10","0"
"O-415509662341315","Oriental Express - Centreville Crest Ln","Prepaid Order",,"11/5/19","7:54 PM","18.95","0","2.00","1.14","2.20","24.29","-3.14","-1.04","0"
"O-108509612918480","Oriental Express - Centreville Crest Ln","Prepaid Order",,"11/1/19","8:28 PM","22.25","0","2.00","1.34","5.12","30.71","-3.64","-1.24","0"
"O-541009656003152","Oriental Express - Centreville Crest Ln","Prepaid Order",,"11/5/19","6:52 PM","21.80","0","2.00","1.31","2.00","27.11","-3.57","-1.13","0"
"O-244409788761613","Oriental Express - Centreville Crest Ln","Prepaid Order",,"11/18/19","6:05 PM","23.80","0","2.00","1.43","4.08","31.31","-3.87","-1.25","0"
"O-895709755472475","Oriental Express - Centreville Crest Ln","Prepaid Order",,"11/15/19","7:03 PM","19.20","0","2.00","1.15","2.00","24.35","-3.18","-1.04","0"
"O-487209829751010","Oriental Express - Centreville Crest Ln","Prepaid Order",,"11/21/19","9:47 PM","28.80","0","2.00","1.73","4.88","37.41","-4.62","-1.44","0"
"O-472209780144675","Oriental Express - Centreville Crest Ln","Prepaid Order",,"11/17/19","8:40 PM","21.80","0","2.00","1.31","3.77","28.88","-3.57","-1.18","0"
"O-258209860574676","Oriental Express - Centreville Crest Ln","Prepaid Order",,"11/26/19","6:12 PM","28.70","0","2.00","1.72","4.86","37.28","-4.61","-1.44","0"
"O-207709774423029","Oriental Express - Centreville Crest Ln","Prepaid Order",,"11/17/19","5:52 PM","17.00","0","2.00","1.02","4.00","24.02","-2.85","-1.03","0"
"O-948109702373229","Oriental Express - Centreville Crest Ln","Prepaid Order",,"11/10/19","6:31 PM","58.05","0","2.00","3.48","12.71","76.24","-9.01","-2.63","0"
"O-526209896021676","Oriental Express - Centreville Crest Ln","Prepaid Order",,"11/29/19","5:46 PM","44.05","0","2.00","2.64","7.30","55.99","-6.91","-2.01","0"
"O-654409731955791","Oriental Express - Centreville Crest Ln","Prepaid Order",,"11/13/19","6:51 PM","20.80","0","2.00","1.25","4.81","28.86","-3.42","-1.18","0"
"O-385609767190208","Oriental Express - Centreville Crest Ln","Prepaid Order",,"11/15/19","9:06 PM","71.50","0","2.00","4.29","7.21","85.00","-11.03","-2.89","0"
"O-895709735440049","Oriental Express - Centreville Crest Ln","Prepaid Order",,"11/13/19","6:52 PM","22.75","0","2.00","1.37","3.92","30.04","-3.71","-1.22","0"
"O-780509761825657","Oriental Express - Centreville Crest Ln","Prepaid Order",,"11/15/19","9:45 PM","81.05","0","2.00","4.86","8.00","95.91","-12.46","-3.23","0"
"O-102309758540459","Oriental Express - Centreville Crest Ln","Prepaid Order",,"11/15/19","7:26 PM","56.50","0","2.00","3.39","6.19","68.08","-8.78","-2.38","0"
"O-590309772680580","Oriental Express - Centreville Crest Ln","Prepaid Order",,"11/17/19","2:17 PM","41.00","0","2.00","2.46","6.82","52.28","-6.45","-1.89","0"
"O-062309716505527","Oriental Express - Centreville Crest Ln","Prepaid Order",,"11/11/19","6:10 PM","33.45","0","2.00","2.01","5.61","43.07","-5.32","-1.61","0"
"O-818709901605797","Oriental Express - Centreville Crest Ln","Prepaid Order",,"11/29/19","11:22 PM","16.20","0","2.00","0.97","1.92","21.09","-2.73","-0.94","0"
"O-021109694686405","Oriental Express - Centreville Crest Ln","Prepaid Order",,"11/8/19","10:24 PM","21.30","0","0.00","1.28","2.26","24.84","-3.20","-1.06","0"
"O-824109663651725","Oriental Express - Centreville Crest Ln","Prepaid Order",,"11/5/19","7:55 PM","25.45","0","2.00","1.53","4.00","32.98","-4.12","-1.31","0"
"O-510009754697004","Oriental Express - Centreville Crest Ln","Prepaid Order",,"11/15/19","6:15 PM","32.10","0","2.00","1.93","0","36.03","-5.12","-1.40","0"
"O-385609747194117","Oriental Express - Centreville Crest Ln","Prepaid Order",,"11/13/19","9:04 PM","27.95","0","2.00","1.68","4.74","36.37","-4.49","-1.41","0"
"O-657609914490042","Oriental Express - Centreville Crest Ln","Prepaid Order",,"11/30/19","10:00 PM","20.85","0","2.00","1.25","5.00","29.10","-3.43","-1.19","0"
"O-252509901675870","Oriental Express - Centreville Crest Ln","Prepaid Order",,"11/30/19","1:51 PM","18.95","0","2.00","1.14","3.31","25.40","-3.14","-1.07","0"
"O-062309696507867","Oriental Express - Centreville Crest Ln","Prepaid Order",,"11/9/19","12:53 PM","67.65","0","2.00","4.06","11.05","84.76","-10.45","-2.89","0"
"O-935409776576308","Oriental Express - Centreville Crest Ln","Prepaid Order",,"11/17/19","4:29 PM","20.70","0","2.00","1.24","4.79","28.73","-3.41","-1.18","0"
"O-294309839332179","Oriental Express - Centreville Crest Ln","Prepaid Order",,"11/23/19","6:13 PM","25.40","0","2.00","1.52","4.33","33.25","-4.11","-1.31","0"
"O-541009626009003","Oriental Express - Centreville Crest Ln","Prepaid Order",,"11/2/19","7:37 PM","32.25","0","2.00","1.94","3.62","39.81","-5.14","-1.51","0"
"O-742909652476857","Oriental Express - Centreville Crest Ln","Prepaid Order",,"11/5/19","4:47 PM","17.00","0","2.00","1.02","3.00","23.02","-2.85","-1.00","0"
"O-618509851088822","Oriental Express - Centreville Crest Ln","Prepaid Order",,"11/25/19","7:22 PM","37.35","0","2.00","2.24","4.16","45.75","-5.90","-1.70","0"
"O-965809705519005","Oriental Express - Centreville Crest Ln","Prepaid Order",,"11/10/19","7:41 PM","27.90","0","2.00","1.67","4.74","36.31","-4.49","-1.41","0"
"O-921809711377975","Oriental Express - Centreville Crest Ln","Prepaid Order",,"11/11/19","5:38 PM","19.25","0","2.00","1.16","4.48","26.89","-3.19","-1.12","0"
"O-984109846126758","Oriental Express - Centreville Crest Ln","Prepaid Order",,"11/24/19","5:29 PM","21.00","0","2.00","1.26","3.64","27.90","-3.45","-1.15","0"
"O-310709710380124","Oriental Express - Centreville Crest Ln","Prepaid Order",,"11/11/19","4:38 PM","41.75","0","2.00","2.51","6.94","53.20","-6.56","-1.92","0"
"O-487209839747214","Oriental Express - Centreville Crest Ln","Prepaid Order",,"11/23/19","5:48 PM","33.55","0","2.00","2.01","7.51","45.07","-5.33","-1.67","0"
"O-472209770125194","Oriental Express - Centreville Crest Ln","Prepaid Order",,"11/17/19","7:16 PM","17.00","0","2.00","1.02","2.00","22.02","-2.85","-0.97","0"
"O-514509685485880","Oriental Express - Centreville Crest Ln","Prepaid Order",,"11/7/19","7:55 PM","18.95","0","2.00","1.14","2.20","24.29","-3.14","-1.04","0"
"O-883109719065693","Oriental Express - Centreville Crest Ln","Prepaid Order",,"11/10/19","8:27 PM","31.50","0","2.00","1.89","5.31","40.70","-5.03","-1.54","0"
"O-760309833340314","Oriental Express - Centreville Crest Ln","Prepaid Order",,"11/23/19","5:48 PM","42.30","0","2.00","2.54","7.02","53.86","-6.65","-1.94","0"
"O-563009698752464","Oriental Express - Centreville Crest Ln","Prepaid Order",,"11/9/19","5:10 PM","15.20","0","2.00","0.91","3.50","21.61","-2.58","-0.96","0"
"O-742909672467498","Oriental Express - Centreville Crest Ln","Prepaid Order",,"11/6/19","8:51 PM","20.25","0","2.00","1.22","3.52","26.99","-3.34","-1.12","0"
"O-121209783639692","Oriental Express - Centreville Crest Ln","Prepaid Order",,"11/17/19","7:53 PM","15.75","0","2.00","0.95","2.81","21.51","-2.66","-0.96","0"
"O-987609686567453","Oriental Express - Centreville Crest Ln","Prepaid Order",,"11/8/19","2:31 PM","15.60","0","2.00","0.94","2.78","21.32","-2.64","-0.95","0"
"O-899809707640325","Oriental Express - Centreville Crest Ln","Prepaid Order",,"11/10/19","3:45 PM","25.10","0","2.00","1.51","4.29","32.90","-4.07","-1.30","0"
"O-920409703407440","Oriental Express - Centreville Crest Ln","Prepaid Order",,"11/10/19","1:21 PM","26.10","0","2.00","1.57","2.97","32.64","-4.22","-1.30","0"
"O-096009678889344","Oriental Express - Centreville Crest Ln","Prepaid Order",,"11/7/19","12:32 PM","16.25","0","2.00","0.98","2.88","22.11","-2.74","-0.97","0"
"O-274209703452489","Oriental Express - Centreville Crest Ln","Prepaid Order",,"11/10/19","7:03 PM","29.00","0","2.00","1.74","6.55","39.29","-4.65","-1.50","0"
"O-309709701212386","Oriental Express - Centreville Crest Ln","Prepaid Order",,"11/10/19","7:20 PM","33.80","0","2.00","2.03","5.67","43.50","-5.37","-1.63","0"
"O-031709845533091","Oriental Express - Centreville Crest Ln","Prepaid Order",,"11/24/19","12:30 PM","24.25","0","2.00","1.46","2.77","30.48","-3.94","-1.23","0"
"O-957409902429563","Oriental Express - Centreville Crest Ln","Prepaid Order",,"11/29/19","9:39 PM","23.95","0","2.00","1.44","2.00","29.39","-3.89","-1.20","0"
"O-239509665717860","Oriental Express - Centreville Crest Ln","Cash Order",,"11/6/19","12:01 PM","16.50","0","2.00","0.99","0","19.49","-2.78","0","0"
"O-454509892674093","Oriental Express - Centreville Crest Ln","Prepaid Order",,"11/29/19","6:58 PM","64.75","0","2.00","3.89","10.60","81.24","-10.01","-2.78","0"
"O-526409636920662","Oriental Express - Centreville Crest Ln","Prepaid Order",,"11/3/19","3:06 PM","29.45","0","2.00","1.77","3.32","36.54","-4.72","-1.41","0"
"O-102309798551337","Oriental Express - Centreville Crest Ln","Prepaid Order",,"11/19/19","5:54 PM","19.85","0","2.00","1.19","4.61","27.65","-3.28","-1.14","0"
"O-852609616546746","Oriental Express - Centreville Crest Ln","Prepaid Order",,"11/1/19","6:00 PM","15.00","0","2.00","0.90","3.58","21.48","-2.55","-0.96","0"
"O-621909714405235","Oriental Express - Centreville Crest Ln","Prepaid Order",,"11/11/19","7:21 PM","18.55","0","2.00","1.11","4.33","25.99","-3.08","-1.09","0"
"O-465609850085457","Oriental Express - Centreville Crest Ln","Prepaid Order",,"11/24/19","7:58 PM","37.35","0","2.00","2.24","4.00","45.59","-5.90","-1.69","0"
"O-223409620930814","Oriental Express - Centreville Crest Ln","Prepaid Order",,"11/2/19","7:02 PM","15.30","0","2.00","0.92","1.82","20.04","-2.60","-0.91","0"
"O-768309766765787","Oriental Express - Centreville Crest Ln","Prepaid Order",,"11/15/19","10:17 PM","31.45","0","2.00","1.89","3.53","38.87","-5.02","-1.49","0"
"O-984109846181010","Oriental Express - Centreville Crest Ln","Prepaid Order",,"11/24/19","6:31 PM","22.80","0","2.00","1.37","3.93","30.10","-3.72","-1.22","0"
"O-593209753261629","Oriental Express - Centreville Crest Ln","Prepaid Order",,"11/14/19","8:51 PM","29.05","0","2.00","1.74","8.20","40.99","-4.66","-1.55","0"
"O-286009862660851","Oriental Express - Centreville Crest Ln","Prepaid Order",,"11/26/19","7:41 PM","20.30","0","2.00","1.22","0","23.52","-3.35","-1.02","0"
"O-965509837281674","Oriental Express - Centreville Crest Ln","Prepaid Order",,"11/23/19","7:34 PM","18.30","0","2.00","1.10","3.21","24.61","-3.05","-1.05","0"
"P-CA236a61c3fcce0946949b05b7365d18ab","Oriental Express - Centreville Crest Ln","Phone Order",,"11/4/19","5:07 PM","0","0","0.00","0.00","0","0.00","-3.99","0","0"
"O-813809702006283","Oriental Express - Centreville Crest Ln","Prepaid Order",,"11/10/19","12:37 PM","23.00","0","2.00","1.38","2.64","29.02","-3.75","-1.19","0"
"O-108509632972291","Oriental Express - Centreville Crest Ln","Cash Order",,"11/3/19","6:15 PM","30.25","0","0.00","1.82","0","32.07","-4.54","0","0"
"O-810109663160239","Oriental Express - Centreville Crest Ln","Prepaid Order",,"11/6/19","6:40 PM","32.75","0","2.00","1.97","5.51","42.23","-5.21","-1.59","0"
"O-581209751141512","Oriental Express - Centreville Crest Ln","Prepaid Order",,"11/15/19","6:27 PM","32.35","0","2.00","1.94","5.44","41.73","-5.15","-1.57","0"
"P-CA9090dd068a20417317b4bbf9a7a2cf67","Oriental Express - Centreville Crest Ln","Phone Order",,"11/1/19","8:06 PM","0","0","0.00","0.00","0","0.00","-3.98","0","0"
"O-637809679745223","Oriental Express - Centreville Crest Ln","Prepaid Order",,"11/7/19","6:20 PM","16.55","0","0.00","0.99","0","17.54","-2.48","-0.83","0"
"O-021109694635444","Oriental Express - Centreville Crest Ln","Prepaid Order",,"11/9/19","6:30 PM","43.30","0","2.00","2.60","7.19","55.09","-6.80","-1.98","0"
"O-935409746595968","Oriental Express - Centreville Crest Ln","Prepaid Order",,"11/14/19","7:40 PM","19.05","0","2.00","1.14","3.33","25.52","-3.16","-1.08","0"
"O-227109807709303","Oriental Express - Centreville Crest Ln","Prepaid Order",,"11/19/19","9:23 PM","36.60","0","2.00","2.20","0","40.80","-5.79","-1.54","0"
"O-921809691366563","Oriental Express - Centreville Crest Ln","Prepaid Order",,"11/9/19","6:51 PM","23.55","0","2.00","1.41","5.39","32.35","-3.83","-1.29","0"
"O-102309778550455","Oriental Express - Centreville Crest Ln","Prepaid Order",,"11/17/19","3:59 PM","18.80","0","2.00","1.13","3.29","25.22","-3.12","-1.07","0"
"O-366209737067018","Oriental Express - Centreville Crest Ln","Prepaid Order",,"11/12/19","8:00 PM","24.75","0","2.00","1.49","2.00","30.24","-4.01","-1.22","0"
"O-380709614190299","Oriental Express - Centreville Crest Ln","Prepaid Order",,"11/1/19","6:14 PM","28.25","0","2.00","1.70","4.79","36.74","-4.54","-1.42","0"
"O-274209673497759","Oriental Express - Centreville Crest Ln","Prepaid Order",,"11/7/19","7:25 PM","21.30","0","2.00","1.28","5.00","29.58","-3.50","-1.20","0"
"O-139309615181805","Oriental Express - Centreville Crest Ln","Prepaid Order",,"11/1/19","7:37 PM","25.75","0","2.00","1.55","2.93","32.23","-4.16","-1.28","0"
"O-810109663141921","Oriental Express - Centreville Crest Ln","Prepaid Order",,"11/5/19","8:25 PM","33.35","0","2.00","2.00","5.60","42.95","-5.30","-1.61","0"
"O-185109658272783","Oriental Express - Centreville Crest Ln","Prepaid Order",,"11/5/19","7:04 PM","15.50","0","2.00","0.93","2.76","21.19","-2.63","-0.95","0"
"O-581209751163170","Oriental Express - Centreville Crest Ln","Prepaid Order",,"11/15/19","5:04 PM","33.15","0","2.00","1.99","5.57","42.71","-5.27","-1.60","0"
"O-274209713440743","Oriental Express - Centreville Crest Ln","Prepaid Order",,"11/10/19","8:05 PM","25.95","0","2.00","1.56","2.95","32.46","-4.19","-1.29","0"
"O-851909790823737","Oriental Express - Centreville Crest Ln","Prepaid Order",,"11/19/19","7:41 PM","17.50","0","2.00","1.05","4.11","24.66","-2.93","-1.05","0"
"O-808309833793581","Oriental Express - Centreville Crest Ln","Prepaid Order",,"11/23/19","6:15 PM","64.90","0","2.00","3.89","0","70.79","-10.04","-2.46","0"
"O-274409800377491","Oriental Express - Centreville Crest Ln","Prepaid Order",,"11/20/19","5:07 PM","20.55","0","0.00","1.23","0","21.78","-3.08","-0.96","0"
"O-859509618823457","Oriental Express - Centreville Crest Ln","Prepaid Order",,"11/1/19","7:17 PM","61.45","0","2.00","3.69","10.07","77.21","-9.52","-2.65","0"
"O-899609696072806","Oriental Express - Centreville Crest Ln","Prepaid Order",,"11/8/19","9:34 PM","27.50","0","2.00","1.65","3.11","34.26","-4.43","-1.34","0"
"O-810109623163426","Oriental Express - Centreville Crest Ln","Prepaid Order",,"11/2/19","7:16 PM","27.45","0","2.00","1.65","4.00","35.10","-4.42","-1.37","0"
"O-920409683490245","Oriental Express - Centreville Crest Ln","Prepaid Order",,"11/8/19","5:05 PM","24.05","0","2.00","1.44","4.51","32.00","-3.91","-1.28","0"
"O-106609764204273","Oriental Express - Centreville Crest Ln","Prepaid Order",,"11/16/19","7:12 PM","21.30","0","2.00","1.28","2.00","26.58","-3.50","-1.11","0"
"O-949609906664504","Oriental Express - Centreville Crest Ln","Prepaid Order",,"11/29/19","10:35 PM","24.05","0","2.00","1.44","4.12","31.61","-3.91","-1.26","0"
"O-750409690576605","Oriental Express - Centreville Crest Ln","Prepaid Order",,"11/8/19","7:47 PM","36.05","0","2.00","2.16","4.00","44.21","-5.71","-1.65","0"
"O-920409703411586","Oriental Express - Centreville Crest Ln","Prepaid Order",,"11/9/19","9:48 PM","23.25","0","2.00","1.40","4.00","30.65","-3.79","-1.23","0"
"O-396709667275107","Oriental Express - Centreville Crest Ln","Prepaid Order",,"11/6/19","1:41 PM","18.80","0","2.00","1.13","3.29","25.22","-3.12","-1.07","0"
"O-231909720875711","Oriental Express - Centreville Crest Ln","Prepaid Order",,"11/12/19","1:39 PM","16.05","0","2.00","0.96","0","19.01","-2.71","-0.88","0"
"O-383809824554782","Oriental Express - Centreville Crest Ln","Prepaid Order",,"11/22/19","6:32 PM","25.05","0","2.00","1.50","5.71","34.26","-4.06","-1.34","0"
"O-593209763275556","Oriental Express - Centreville Crest Ln","Prepaid Order",,"11/16/19","5:58 PM","22.35","0","2.00","1.34","3.00","28.69","-3.65","-1.18","0"
"O-981409842191127","Oriental Express - Centreville Crest Ln","Prepaid Order",,"11/24/19","5:40 PM","38.70","0","2.00","2.32","4.30","47.32","-6.11","-1.74","0"
"O-639209724535104","Oriental Express - Centreville Crest Ln","Prepaid Order",,"11/11/19","7:58 PM","24.80","0","2.00","1.49","3.00","31.29","-4.02","-1.25","0"
"O-013109669617766","Oriental Express - Centreville Crest Ln","Prepaid Order",,"11/5/19","8:40 PM","40.10","0","2.00","2.41","3.00","47.51","-6.32","-1.75","0"
"O-915209775085621","Oriental Express - Centreville Crest Ln","Cash Order",,"11/16/19","11:02 PM","34.10","0","2.00","2.05","0","38.15","-5.42","0","0"
"O-544409705471439","Oriental Express - Centreville Crest Ln","Prepaid Order",,"11/10/19","5:54 PM","70.50","0","2.00","4.23","11.51","88.24","-10.88","-2.99","0"
"O-616709719807683","Oriental Express - Centreville Crest Ln","Prepaid Order",,"11/11/19","12:25 PM","19.35","0","2.00","1.16","3.11","25.62","-3.20","-1.08","0"
"O-612109893041542","Oriental Express - Centreville Crest Ln","Prepaid Order",,"11/29/19","2:12 PM","22.20","0","2.00","1.33","3.00","28.53","-3.63","-1.17","0"
"O-658109868963524","Oriental Express - Centreville Crest Ln","Cash Order",,"11/26/19","1:21 PM","18.05","0","2.00","1.08","0","24.29","-3.01","0","0"
"O-795209850522459","Oriental Express - Centreville Crest Ln","Prepaid Order",,"11/25/19","7:20 PM","30.50","0","2.00","1.83","5.15","39.48","-4.88","-1.50","0"
"O-676209665488245","Oriental Express - Centreville Crest Ln","Prepaid Order",,"11/5/19","9:05 PM","15.65","0","2.00","0.94","2.79","21.38","-2.65","-0.95","0"
"O-280209669190639","Oriental Express - Centreville Crest Ln","Prepaid Order",,"11/5/19","9:23 PM","25.55","0","2.00","1.53","4.36","33.44","-4.13","-1.32","0"
"O-895709795422689","Oriental Express - Centreville Crest Ln","Prepaid Order",,"11/19/19","6:16 PM","23.30","0","2.00","1.40","4.01","30.71","-3.80","-1.24","0"
"O-859509658851983","Oriental Express - Centreville Crest Ln","Prepaid Order",,"11/5/19","5:56 PM","37.95","0","2.00","2.28","6.33","48.56","-5.99","-1.78","0"
"P-CA471615f566dcee675810af1bfc140a1b","Oriental Express - Centreville Crest Ln","Phone Order",,"11/18/19","2:30 PM","0","0","0.00","0.00","0","0.00","-4.05","0","0"
"O-590309752685913","Oriental Express - Centreville Crest Ln","Prepaid Order",,"11/15/19","6:17 PM","35.80","0","2.00","2.15","5.99","45.94","-5.67","-1.70","0"
"O-294309829333243","Oriental Express - Centreville Crest Ln","Prepaid Order",,"11/22/19","4:54 PM","19.00","0","2.00","1.14","3.32","25.46","-3.15","-1.08","0"
"O-957409902427971","Oriental Express - Centreville Crest Ln","Prepaid Order",,"11/29/19","8:30 PM","22.35","0","2.00","1.34","3.00","28.69","-3.65","-1.18","0"
"O-274109816838933","Oriental Express - Centreville Crest Ln","Prepaid Order",,"11/21/19","6:33 PM","28.55","0","2.00","1.71","4.84","37.10","-4.58","-1.43","0"
"O-121209773622787","Oriental Express - Centreville Crest Ln","Prepaid Order",,"11/17/19","7:15 PM","35.15","0","2.00","2.11","5.89","45.15","-5.57","-1.68","0"
"O-657509793359018","Oriental Express - Centreville Crest Ln","Prepaid Order",,"11/19/19","7:09 PM","28.80","0","2.00","1.73","6.51","39.04","-4.62","-1.49","0"
"O-742909632480984","Oriental Express - Centreville Crest Ln","Prepaid Order",,"11/3/19","6:03 PM","38.15","0","2.00","2.29","6.37","48.81","-6.02","-1.79","0"
"O-895709775445074","Oriental Express - Centreville Crest Ln","Prepaid Order",,"11/17/19","12:52 PM","16.25","0","2.00","0.98","2.88","22.11","-2.74","-0.97","0"
"O-185109638272549","Oriental Express - Centreville Crest Ln","Prepaid Order",,"11/3/19","5:30 PM","16.25","0","2.00","0.98","2.88","22.11","-2.74","-0.97","0"
"O-541009646039452","Oriental Express - Centreville Crest Ln","Prepaid Order",,"11/4/19","11:45 AM","20.15","0","2.00","1.21","2.64","26.00","-3.32","-1.09","0"
"O-554109858148713","Oriental Express - Centreville Crest Ln","Prepaid Order",,"11/25/19","6:38 PM","16.75","0","2.00","1.01","5.00","24.76","-2.81","-1.06","0"
"O-984109826124734","Oriental Express - Centreville Crest Ln","Prepaid Order",,"11/22/19","5:35 PM","28.30","0","2.00","1.70","6.40","38.40","-4.55","-1.47","0"
"O-239509625794274","Oriental Express - Centreville Crest Ln","Prepaid Order",,"11/2/19","6:11 PM","22.75","0","2.00","1.37","5.22","31.34","-3.71","-1.26","0"
"O-121209763646425","Oriental Express - Centreville Crest Ln","Prepaid Order",,"11/15/19","10:26 PM","22.70","0","2.00","1.36","2.00","28.06","-3.71","-1.16","0"
"O-470609642128706","Oriental Express - Centreville Crest Ln","Prepaid Order",,"11/3/19","9:16 PM","22.50","0","2.00","1.35","3.00","28.85","-3.68","-1.18","0"
"O-244409748764712","Oriental Express - Centreville Crest Ln","Prepaid Order",,"11/14/19","6:32 PM","28.25","0","2.00","1.70","2.00","33.95","-4.54","-1.34","0"
"O-915209795002189","Oriental Express - Centreville Crest Ln","Prepaid Order",,"11/19/19","3:29 PM","15.50","0","2.00","0.93","2.76","21.19","-2.63","-0.95","0"
"O-014809633270220","Oriental Express - Centreville Crest Ln","Prepaid Order",,"11/3/19","6:14 PM","42.65","0","2.00","2.56","9.44","56.65","-6.70","-2.03","0"
"O-638409846929354","Oriental Express - Centreville Crest Ln","Cash Order",,"11/24/19","5:35 PM","18.05","0","2.00","1.08","0","21.13","-3.01","0","0"
"O-467709661268337","Oriental Express - Centreville Crest Ln","Prepaid Order",,"11/6/19","7:23 PM","16.65","0","2.00","1.00","2.94","22.59","-2.80","-0.99","0"
"O-465609820005727","Oriental Express - Centreville Crest Ln","Prepaid Order",,"11/22/19","6:51 PM","36.00","0","2.00","2.16","8.03","48.19","-5.70","-1.77","0"
"O-060009862229220","Oriental Express - Centreville Crest Ln","Prepaid Order",,"11/26/19","7:10 PM","17.50","0","2.00","1.05","2.04","22.59","-2.93","-0.99","0"
"O-223409630981605","Oriental Express - Centreville Crest Ln","Cash Order",,"11/3/19","1:07 PM","28.35","0","2.00","1.70","0","35.26","-4.55","0","0"
"O-981409832193187","Oriental Express - Centreville Crest Ln","Prepaid Order",,"11/23/19","7:20 PM","23.70","0","2.00","1.42","4.07","31.19","-3.86","-1.25","0"
"O-372909726425124","Oriental Express - Centreville Crest Ln","Prepaid Order",,"11/12/19","6:26 PM","27.30","0","2.00","1.64","3.09","34.03","-4.40","-1.34","0"
"O-106609764271522","Oriental Express - Centreville Crest Ln","Prepaid Order",,"11/16/19","2:07 PM","22.70","0","2.00","1.36","3.91","29.97","-3.71","-1.21","0"
"O-535709842433455","Oriental Express - Centreville Crest Ln","Prepaid Order",,"11/24/19","7:10 PM","20.20","0","2.00","1.21","3.51","26.92","-3.33","-1.12","0"
"O-573309838531946","Oriental Express - Centreville Crest Ln","Prepaid Order",,"11/23/19","6:37 PM","19.30","0","2.00","1.16","5.62","28.08","-3.20","-1.16","0"
"O-307109723903592","Oriental Express - Centreville Crest Ln","Prepaid Order",,"11/12/19","5:57 PM","43.20","0","2.00","2.59","7.17","54.96","-6.78","-1.98","0"
"O-467709651226867","Oriental Express - Centreville Crest Ln","Prepaid Order",,"11/5/19","12:00 PM","45.10","0","2.00","2.71","9.96","59.77","-7.07","-2.12","0"
"O-240409657098290","Oriental Express - Centreville Crest Ln","Prepaid Order",,"11/4/19","9:27 PM","18.50","0","2.00","1.11","3.24","24.85","-3.08","-1.06","0"
"O-319409745694528","Oriental Express - Centreville Crest Ln","Prepaid Order",,"11/14/19","5:30 PM","20.50","0","2.00","1.23","2.37","26.10","-3.38","-1.10","0"
"O-333809875282699","Oriental Express - Centreville Crest Ln","Prepaid Order",,"11/27/19","3:10 PM","42.75","0","2.00","2.57","7.10","54.42","-6.71","-1.96","0"
"O-185109648232338","Oriental Express - Centreville Crest Ln","Prepaid Order",,"11/3/19","8:10 PM","21.30","0","2.00","1.28","10.00","34.58","-3.50","-1.35","0"
"O-964109657355633","Oriental Express - Centreville Crest Ln","Prepaid Order",,"11/4/19","8:46 PM","17.50","0","2.00","1.05","3.00","23.55","-2.93","-1.02","0"
"O-462309765706998","Oriental Express - Centreville Crest Ln","Prepaid Order",,"11/16/19","3:02 PM","16.25","0","2.00","0.98","3.00","22.23","-2.74","-0.98","0"
"O-231909740878984","Oriental Express - Centreville Crest Ln","Prepaid Order",,"11/13/19","8:27 PM","37.45","0","2.00","2.25","6.26","47.96","-5.92","-1.76","0"
"O-435909846501848","Oriental Express - Centreville Crest Ln","Prepaid Order",,"11/24/19","5:47 PM","49.65","0","2.00","2.98","8.19","62.82","-7.75","-2.22","0"
"O-274109816853229","Oriental Express - Centreville Crest Ln","Prepaid Order",,"11/20/19","10:22 PM","28.80","0","2.00","1.73","6.51","39.04","-4.62","-1.49","0"
"O-581209741114826","Oriental Express - Centreville Crest Ln","Prepaid Order",,"11/14/19","11:45 AM","18.25","0","2.00","1.10","4.27","25.62","-3.04","-1.08","0"
"O-164309814563681","Oriental Express - Centreville Crest Ln","Prepaid Order",,"11/21/19","6:53 PM","24.00","0","2.00","1.44","4.12","31.56","-3.90","-1.26","0"
"O-274109846858439","Oriental Express - Centreville Crest Ln","Prepaid Order",,"11/23/19","9:00 PM","39.80","0","2.00","2.39","8.84","53.03","-6.27","-1.92","0"
"O-343409832767735","Oriental Express - Centreville Crest Ln","Prepaid Order",,"11/22/19","8:16 PM","16.10","0","2.00","0.97","1.91","20.98","-2.72","-0.94","0"
"O-518809714766231","Oriental Express - Centreville Crest Ln","Prepaid Order",,"11/10/19","7:38 PM","68.65","0","0.00","4.12","0","72.77","-10.30","-2.52","0"
"O-981409832197357","Oriental Express - Centreville Crest Ln","Prepaid Order",,"11/23/19","6:49 PM","18.20","0","2.00","1.09","2.13","23.42","-3.03","-1.01","0"
"O-573309848530898","Oriental Express - Centreville Crest Ln","Prepaid Order",,"11/24/19","6:10 PM","70.75","0","2.00","4.25","11.55","88.55","-10.91","-3.00","0"
"O-920409683491726","Oriental Express - Centreville Crest Ln","Prepaid Order",,"11/8/19","6:37 PM","24.35","0","2.00","1.46","4.17","31.98","-3.95","-1.28","0"
"O-263109655272397","Oriental Express - Centreville Crest Ln","Prepaid Order",,"11/5/19","11:56 AM","16.25","0","2.00","0.98","1.92","21.15","-2.74","-0.95","0"
"O-139309645182833","Oriental Express - Centreville Crest Ln","Prepaid Order",,"11/4/19","6:52 PM","16.50","0","2.00","0.99","2.92","22.41","-2.78","-0.98","0"
"O-657609894443841","Oriental Express - Centreville Crest Ln","Prepaid Order",,"11/29/19","5:48 PM","24.95","0","2.00","1.50","4.27","32.72","-4.04","-1.30","0"
"O-810109633194356","Oriental Express - Centreville Crest Ln","Prepaid Order",,"11/3/19","2:39 PM","39.90","0","2.00","2.39","8.86","53.15","-6.29","-1.92","0"
"O-096009698860583","Oriental Express - Centreville Crest Ln","Prepaid Order",,"11/9/19","4:48 PM","18.05","0","2.00","1.08","4.23","25.36","-3.01","-1.07","0"
"O-310709710382035","Oriental Express - Centreville Crest Ln","Cash Order",,"11/11/19","6:04 PM","20.25","0","2.00","1.22","0","26.99","-3.34","0","0"
"O-810109633166343","Oriental Express - Centreville Crest Ln","Cash Order",,"11/3/19","5:36 PM","19.00","0","2.00","1.14","0","22.14","-3.15","0","0"
"O-396709637236459","Oriental Express - Centreville Crest Ln","Prepaid Order",,"11/3/19","6:32 PM","21.30","0","2.00","1.28","4.00","28.58","-3.50","-1.17","0"
"O-768109798492669","Oriental Express - Centreville Crest Ln","Prepaid Order",,"11/19/19","7:05 PM","17.25","0","2.00","1.04","5.07","25.36","-2.89","-1.07","0"
"O-594509618288377","Oriental Express - Centreville Crest Ln","Prepaid Order",,"11/1/19","6:04 PM","16.70","0","2.00","1.00","2.95","22.65","-2.81","-0.99","0"
"O-106609744279435","Oriental Express - Centreville Crest Ln","Prepaid Order",,"11/14/19","3:04 PM","23.55","0","2.00","1.41","4.04","31.00","-3.83","-1.25","0"
"O-139309635152721","Oriental Express - Centreville Crest Ln","Prepaid Order",,"11/3/19","7:32 PM","26.55","0","2.00","1.59","4.52","34.66","-4.28","-1.36","0"
"O-621909684457617","Oriental Express - Centreville Crest Ln","Prepaid Order",,"11/8/19","7:39 PM","17.00","0","2.00","1.02","0","20.02","-2.85","-0.91","0"
"O-261109861493039","Oriental Express - Centreville Crest Ln","Prepaid Order",,"11/26/19","5:01 PM","31.50","0","2.00","1.89","4.08","39.47","-5.03","-1.50","0"
"O-385609777148178","Oriental Express - Centreville Crest Ln","Prepaid Order",,"11/17/19","5:58 PM","42.20","0","2.00","2.53","7.01","53.74","-6.63","-1.94","0"
"O-935409766570097","Oriental Express - Centreville Crest Ln","Prepaid Order",,"11/16/19","12:56 PM","14.40","0","0.00","0.86","0","15.26","-2.16","-0.77","0"
"O-390109856309611","Oriental Express - Centreville Crest Ln","Prepaid Order",,"11/25/19","6:20 PM","16.25","0","2.00","0.98","2.88","22.11","-2.74","-0.97","0"
"P-CA52472a9b393793af77f87a8bbfe3ccb3","Oriental Express - Centreville Crest Ln","Phone Order",,"11/11/19","4:44 PM","0","0","0.00","0.00","0","0.00","-4.01","0","0"
"O-780509761805497","Oriental Express - Centreville Crest Ln","Prepaid Order",,"11/16/19","5:15 PM","18.35","0","2.00","1.10","4.29","25.74","-3.05","-1.09","0"
"O-390109866308362","Oriental Express - Centreville Crest Ln","Prepaid Order",,"11/25/19","7:58 PM","22.35","0","2.00","1.34","3.00","28.69","-3.65","-1.18","0"
"O-435909846518887","Oriental Express - Centreville Crest Ln","Cash Order",,"11/24/19","7:32 PM","28.80","0","2.00","1.73","0","32.53","-4.62","0","0"
"O-638409846926323","Oriental Express - Centreville Crest Ln","Prepaid Order",,"11/24/19","7:15 PM","52.55","0","2.00","3.15","5.77","63.47","-8.18","-2.24","0"
"O-207009907337474","Oriental Express - Centreville Crest Ln","Prepaid Order",,"11/30/19","12:26 PM","23.35","0","2.00","1.40","4.00","30.75","-3.80","-1.24","0"
"O-851909790829441","Oriental Express - Centreville Crest Ln","Prepaid Order",,"11/19/19","7:28 PM","15.65","0","2.00","0.94","2.79","21.38","-2.65","-0.95","0"
"O-621909674416496","Oriental Express - Centreville Crest Ln","Prepaid Order",,"11/7/19","2:32 PM","16.10","0","2.00","0.97","3.81","22.88","-2.72","-1.00","0"
"O-309709711222811","Oriental Express - Centreville Crest Ln","Prepaid Order",,"11/10/19","9:50 PM","17.50","0","2.00","1.05","3.08","23.63","-2.93","-1.02","0"
"O-581209761144602","Oriental Express - Centreville Crest Ln","Prepaid Order",,"11/16/19","6:10 PM","27.55","0","2.00","1.65","3.12","34.32","-4.43","-1.35","0"
"O-987609696541245","Oriental Express - Centreville Crest Ln","Prepaid Order",,"11/9/19","6:57 PM","53.35","0","2.00","3.20","11.71","70.26","-8.30","-2.44","0"
"O-108509652976504","Oriental Express - Centreville Crest Ln","Prepaid Order",,"11/5/19","7:15 PM","31.30","0","2.00","1.88","3.52","38.70","-5.00","-1.48","0"
"O-899809677616312","Oriental Express - Centreville Crest Ln","Prepaid Order",,"11/7/19","5:03 PM","27.10","0","2.00","1.63","6.15","36.88","-4.37","-1.42","0"
"P-CA9189b49a56dea237ce500960ecea8294","Oriental Express - Centreville Crest Ln","Phone Order",,"11/5/19","6:12 PM","0","0","0.00","0.00","0","0.00","-3.97","0","0"
"O-258209870572974","Oriental Express - Centreville Crest Ln","Prepaid Order",,"11/27/19","3:26 PM","20.90","0","2.00","1.25","2.00","26.15","-3.44","-1.10","0"
"O-621909714405158","Oriental Express - Centreville Crest Ln","Prepaid Order",,"11/11/19","7:26 PM","32.90","0","2.00","1.97","5.00","41.87","-5.24","-1.58","0"
"O-899809677616523","Oriental Express - Centreville Crest Ln","Prepaid Order",,"11/7/19","5:15 PM","19.30","0","2.00","1.16","4.00","26.46","-3.20","-1.11","0"
"O-309709681242846","Oriental Express - Centreville Crest Ln","Prepaid Order",,"11/8/19","7:13 PM","23.05","0","2.00","1.38","3.96","30.39","-3.76","-1.23","0"
"O-417009865937832","Oriental Express - Centreville Crest Ln","Prepaid Order",,"11/25/19","8:02 PM","30.25","0","2.00","1.82","6.81","40.88","-4.84","-1.55","0"
"O-399209624171036","Oriental Express - Centreville Crest Ln","Prepaid Order",,"11/2/19","6:11 PM","17.15","0","2.00","1.03","4.04","24.22","-2.87","-1.04","0"
"O-012909742192144","Oriental Express - Centreville Crest Ln","Prepaid Order",,"11/14/19","6:58 PM","15.25","0","2.00","0.92","2.73","20.90","-2.59","-0.94","0"
"O-823309835911391","Oriental Express - Centreville Crest Ln","Prepaid Order",,"11/23/19","7:27 PM","18.25","0","2.00","1.10","3.20","24.55","-3.04","-1.05","0"
"O-859509668890381","Oriental Express - Centreville Crest Ln","Prepaid Order",,"11/5/19","8:49 PM","20.55","0","2.00","1.23","4.76","28.54","-3.38","-1.17","0"
"O-487209859758321","Oriental Express - Centreville Crest Ln","Prepaid Order",,"11/24/19","7:47 PM","9.15","0","0.00","0.55","0","9.70","-1.37","-0.60","0"
"O-639209724536114","Oriental Express - Centreville Crest Ln","Prepaid Order",,"11/11/19","10:10 PM","25.35","0","2.00","1.52","4.33","33.20","-4.10","-1.31","0"
"O-240409657009484","Oriental Express - Centreville Crest Ln","Prepaid Order",,"11/5/19","7:23 PM","41.80","0","2.00","2.51","11.58","57.89","-6.57","-2.07","0"
"O-465609820002784","Oriental Express - Centreville Crest Ln","Prepaid Order",,"11/22/19","6:40 PM","60.55","0","2.00","3.63","9.93","76.11","-9.38","-2.62","0"
"O-366209777066990","Oriental Express - Centreville Crest Ln","Prepaid Order",,"11/16/19","8:06 PM","24.00","0","2.00","1.44","4.11","31.55","-3.90","-1.26","0"
"O-380109708147527","Oriental Express - Centreville Crest Ln","Prepaid Order",,"11/10/19","6:13 PM","40.70","0","2.00","2.44","4.51","49.65","-6.41","-1.81","0"
"O-319409765632818","Oriental Express - Centreville Crest Ln","Prepaid Order",,"11/16/19","12:25 PM","18.50","0","2.00","1.11","3.24","24.85","-3.08","-1.06","0"
"O-482409634554987","Oriental Express - Centreville Crest Ln","Prepaid Order",,"11/3/19","5:34 PM","36.50","0","2.00","2.19","6.10","46.79","-5.78","-1.73","0"
"O-965809705550484","Oriental Express - Centreville Crest Ln","Prepaid Order",,"11/10/19","3:04 PM","23.40","0","2.00","1.40","4.02","30.82","-3.81","-1.24","0"
"O-206409806644107","Oriental Express - Centreville Crest Ln","Prepaid Order",,"11/20/19","12:53 PM","15.35","0","2.00","0.92","1.83","20.10","-2.60","-0.91","0"
"O-638409846949046","Oriental Express - Centreville Crest Ln","Prepaid Order",,"11/24/19","2:02 PM","21.45","0","2.00","1.29","4.95","29.69","-3.52","-1.21","0"
"O-810109633168222","Oriental Express - Centreville Crest Ln","Prepaid Order",,"11/3/19","6:25 PM","28.00","0","2.00","1.68","6.34","38.02","-4.50","-1.46","0"
"O-272009809572084","Oriental Express - Centreville Crest Ln","Prepaid Order",,"11/20/19","2:57 PM","23.80","0","2.00","1.43","4.08","31.31","-3.87","-1.25","0"
"O-981409842176065","Oriental Express - Centreville Crest Ln","Prepaid Order",,"11/23/19","8:04 PM","19.00","0","2.00","1.14","3.32","25.46","-3.15","-1.08","0"
"O-524809737635606","Oriental Express - Centreville Crest Ln","Prepaid Order",,"11/12/19","8:45 PM","54.80","0","2.00","3.29","6.01","66.10","-8.52","-2.32","0"